external_ref,amount_paise,occurred_at,counterparty,narration,reference_id,transaction_type,original_ref
BNK-7001,1250000,2026-08-29T06:10:00+00:00,Acme Traders,NEFT DR ACME TRADERS,LED-2001,payment,
BNK-7002,875050,2026-08-29T06:15:00+00:00,Bharat Logistics,NEFT DR BHARAT LOG,LED-2002,payment,
BNK-7003,2398800,2026-08-29T06:20:00+00:00,Crimson Supplies,NEFT DR CRIMSON SUP,LED-2003,payment,
BNK-7004,552000,2026-08-30T05:55:00+00:00,Delta Freight,NEFT DR DELTA FRT,LED-2004,payment,
BNK-7005,430000,2026-08-30T06:05:00+00:00,Frontier Metals,IMPS DR FRONTIER MTL,LED-2006,payment,
BNK-7006,430000,2026-08-30T06:40:00+00:00,Frontier Metals,IMPS DR FRONTIER MTL,LED-2006,payment,
BNK-7007,970000,2026-08-30T12:50:00+00:00,Ganges Chemicals,RTGS DR GANGES CHEM,,payment,
BNK-7008,615000,2026-08-31T05:30:00+00:00,Himalaya Textiles,NEFT DR HIMALAYA TEX,LED-2008,payment,
BNK-7009,615000,2026-09-01T07:15:00+00:00,Himalaya Textiles,REFUND HIMALAYA TEX,LED-2008,refund,BNK-7008
BNK-7010,1100000,2026-08-31T06:00:00+00:00,Indus Hardware,NEFT DR INDUS HW,LED-2009,payment,
BNK-7011,1100000,2026-09-01T08:40:00+00:00,Indus Hardware,CHARGEBACK INDUS HW,LED-2009,chargeback,BNK-7010
BNK-7012,325000,2026-09-01T05:20:00+00:00,Jupiter Electricals,NEFT DR JUPITER ELE,LED-2010,payment,
BNK-7013,2050000,2026-09-03T06:30:00+00:00,Konkan Marine,NEFT DR KONKAN MAR,LED-2011,payment,
BNK-7014,780000,2026-09-02T05:45:00+00:00,Lotus Printers,NEFT DR LOTUS PRINT,LED-2012,payment,
BNK-7015,45000,2026-09-01T10:00:00+00:00,,UPI DR UNKNOWN MERCHANT,,payment,
BNK-7016,2500,2026-09-01T23:59:00+00:00,,BANK SERVICE CHARGE AUG,,payment,
